<?xml version="1.0" encoding="UTF-8"?>
<GenRun Id="pll_ip_core_synth_1" LaunchPart="xc7a35tcpg236-1" LaunchTime="1744096124">
  <File Type="REPORTS-TCL" Name="pll_ip_core_reports.tcl"/>
  <File Type="RDS-UTIL" Name="pll_ip_core_utilization_synth.rpt"/>
  <File Type="RDS-UTIL-PB" Name="pll_ip_core_utilization_synth.pb"/>
  <File Type="PA-TCL" Name="pll_ip_core.tcl"/>
  <File Type="RDS-RDS" Name="pll_ip_core.vds"/>
  <File Type="RDS-DCP" Name="pll_ip_core.dcp"/>
  <FileSet Name="sources" Type="BlockSrcs" RelSrcDir="$PSRCDIR/pll_ip_core" RelGenDir="$PGENDIR/pll_ip_core">
    <File Path="$PSRCDIR/sources_1/ip/pll_ip_core/pll_ip_core.xci">
      <FileInfo>
        <Attr Name="UsedIn" Val="synthesis"/>
        <Attr Name="UsedIn" Val="implementation"/>
        <Attr Name="UsedIn" Val="simulation"/>
      </FileInfo>
    </File>
    <Config>
      <Option Name="TopModule" Val="pll_ip_core"/>
      <Option Name="UseBlackboxStub" Val="1"/>
    </Config>
  </FileSet>
  <FileSet Name="constrs_in" Type="BlockSrcs" RelSrcDir="$PSRCDIR/pll_ip_core" RelGenDir="$PGENDIR/pll_ip_core">
    <File Path="$PSRCDIR/sources_1/ip/pll_ip_core/pll_ip_core.xci">
      <FileInfo>
        <Attr Name="UsedIn" Val="synthesis"/>
        <Attr Name="UsedIn" Val="implementation"/>
        <Attr Name="UsedIn" Val="simulation"/>
      </FileInfo>
    </File>
    <Config>
      <Option Name="TopModule" Val="pll_ip_core"/>
      <Option Name="UseBlackboxStub" Val="1"/>
    </Config>
  </FileSet>
  <FileSet Name="utils" Type="Utils" RelSrcDir="$PSRCDIR/utils_1" RelGenDir="$PGENDIR/utils_1">
    <Filter Type="Utils"/>
    <File Path="$PSRCDIR/utils_1/imports/synth_1/soc_top.dcp">
      <FileInfo>
        <Attr Name="UsedIn" Val="synthesis"/>
        <Attr Name="UsedIn" Val="implementation"/>
        <Attr Name="UsedInSteps" Val="synth_1"/>
        <Attr Name="AutoDcp" Val="1"/>
      </FileInfo>
    </File>
    <Config>
      <Option Name="TopAutoSet" Val="TRUE"/>
    </Config>
  </FileSet>
  <Strategy Version="1" Minor="2">
    <StratHandle Name="Vivado Synthesis Defaults" Flow="Vivado Synthesis 2024"/>
    <Step Id="synth_design"/>
  </Strategy>
</GenRun>
