<?xml version="1.0"?>
<Runs Version="1" Minor="0">
	<Run Id="sync_fifo_ip_synth_1" LaunchDir="C:/Users/Michael/Documents/Vivado/HandDetect_SoC/HandDetect_SoC.runs/sync_fifo_ip_synth_1" FlowId="Vivado_Synthesis" FromStepId="vivado" ToStepId="vivado"/>
	<Run Id="synth_1" LaunchDir="C:/Users/Michael/Documents/Vivado/HandDetect_SoC/HandDetect_SoC.runs/synth_1" FlowId="Vivado_Synthesis" FromStepId="vivado" ToStepId="vivado">
		<Parent Id="sync_fifo_ip_synth_1"/>
	</Run>
	<Parameters>
		<Parameter Name="runs.monitorLSFJobs" Val="true" Type="bool"/>
		<Parameter Name="runs.enableClusterConf" Val="true" Type="bool"/>
		<Parameter Name="general.shortenLongPath" Val="true" Type="bool"/>
	</Parameters>
	<ProductInfo Name="vivado"/>
</Runs>

