<?xml version="1.0" encoding="UTF-8"?>
<GenRun Id="sys_mem_synth_1" LaunchPart="xc7a35tcpg236-1" LaunchTime="1744268303">
  <File Type="PA-TCL" Name="sys_mem.tcl"/>
  <File Type="REPORTS-TCL" Name="sys_mem_reports.tcl"/>
  <File Type="RDS-RDS" Name="sys_mem.vds"/>
  <File Type="RDS-PROPCONSTRS" Name="sys_mem_drc_synth.rpt"/>
  <File Type="RDS-UTIL" Name="sys_mem_utilization_synth.rpt"/>
  <File Type="RDS-UTIL-PB" Name="sys_mem_utilization_synth.pb"/>
  <File Type="RDS-DCP" Name="sys_mem.dcp"/>
  <File Type="VDS-TIMINGSUMMARY" Name="sys_mem_timing_summary_synth.rpt"/>
  <File Type="VDS-TIMING-PB" Name="sys_mem_timing_summary_synth.pb"/>
  <FileSet Name="sources" Type="BlockSrcs" RelSrcDir="$PSRCDIR/sys_mem" RelGenDir="$PGENDIR/sys_mem">
    <File Path="$PSRCDIR/sources_1/ip/sys_mem/sys_mem.xci">
      <FileInfo>
        <Attr Name="UsedIn" Val="synthesis"/>
        <Attr Name="UsedIn" Val="implementation"/>
        <Attr Name="UsedIn" Val="simulation"/>
      </FileInfo>
    </File>
    <Config>
      <Option Name="TopModule" Val="sys_mem"/>
      <Option Name="UseBlackboxStub" Val="1"/>
    </Config>
  </FileSet>
  <FileSet Name="constrs_in" Type="BlockSrcs" RelSrcDir="$PSRCDIR/sys_mem" RelGenDir="$PGENDIR/sys_mem">
    <File Path="$PSRCDIR/sources_1/ip/sys_mem/sys_mem.xci">
      <FileInfo>
        <Attr Name="UsedIn" Val="synthesis"/>
        <Attr Name="UsedIn" Val="implementation"/>
        <Attr Name="UsedIn" Val="simulation"/>
      </FileInfo>
    </File>
    <Config>
      <Option Name="TopModule" Val="sys_mem"/>
      <Option Name="UseBlackboxStub" Val="1"/>
    </Config>
  </FileSet>
  <FileSet Name="utils" Type="Utils" RelSrcDir="$PSRCDIR/utils_1" RelGenDir="$PGENDIR/utils_1">
    <Filter Type="Utils"/>
    <File Path="$PSRCDIR/utils_1/imports/synth_1/soc_top.dcp">
      <FileInfo>
        <Attr Name="UsedIn" Val="synthesis"/>
        <Attr Name="UsedIn" Val="implementation"/>
        <Attr Name="UsedInSteps" Val="synth_1"/>
        <Attr Name="AutoDcp" Val="1"/>
      </FileInfo>
    </File>
    <Config>
      <Option Name="TopAutoSet" Val="TRUE"/>
    </Config>
  </FileSet>
  <Strategy Version="1" Minor="2">
    <StratHandle Name="Vivado Synthesis Defaults" Flow="Vivado Synthesis 2024"/>
    <Step Id="synth_design"/>
  </Strategy>
</GenRun>
