<?xml version="1.0" encoding="UTF-8"?>
<GenRun Id="sync_fifo_ip_synth_1" LaunchPart="xc7a35tcpg236-1" LaunchTime="1743992587">
  <File Type="REPORTS-TCL" Name="sync_fifo_ip_reports.tcl"/>
  <File Type="RDS-UTIL" Name="sync_fifo_ip_utilization_synth.rpt"/>
  <File Type="RDS-UTIL-PB" Name="sync_fifo_ip_utilization_synth.pb"/>
  <File Type="PA-TCL" Name="sync_fifo_ip.tcl"/>
  <File Type="RDS-RDS" Name="sync_fifo_ip.vds"/>
  <File Type="RDS-DCP" Name="sync_fifo_ip.dcp"/>
  <FileSet Name="sources" Type="BlockSrcs" RelSrcDir="$PSRCDIR/sync_fifo_ip" RelGenDir="$PGENDIR/sync_fifo_ip">
    <File Path="$PSRCDIR/sources_1/ip/sync_fifo_ip/sync_fifo_ip.xci">
      <FileInfo>
        <Attr Name="UsedIn" Val="synthesis"/>
        <Attr Name="UsedIn" Val="implementation"/>
        <Attr Name="UsedIn" Val="simulation"/>
      </FileInfo>
    </File>
    <Config>
      <Option Name="TopModule" Val="sync_fifo_ip"/>
      <Option Name="UseBlackboxStub" Val="1"/>
    </Config>
  </FileSet>
  <FileSet Name="constrs_in" Type="BlockSrcs" RelSrcDir="$PSRCDIR/sync_fifo_ip" RelGenDir="$PGENDIR/sync_fifo_ip">
    <File Path="$PSRCDIR/sources_1/ip/sync_fifo_ip/sync_fifo_ip.xci">
      <FileInfo>
        <Attr Name="UsedIn" Val="synthesis"/>
        <Attr Name="UsedIn" Val="implementation"/>
        <Attr Name="UsedIn" Val="simulation"/>
      </FileInfo>
    </File>
    <Config>
      <Option Name="TopModule" Val="sync_fifo_ip"/>
      <Option Name="UseBlackboxStub" Val="1"/>
    </Config>
  </FileSet>
  <FileSet Name="utils" Type="Utils" RelSrcDir="$PSRCDIR/utils_1" RelGenDir="$PGENDIR/utils_1">
    <Filter Type="Utils"/>
    <Config>
      <Option Name="TopAutoSet" Val="TRUE"/>
    </Config>
  </FileSet>
  <Strategy Version="1" Minor="2">
    <StratHandle Name="Vivado Synthesis Defaults" Flow="Vivado Synthesis 2024"/>
    <Step Id="synth_design"/>
  </Strategy>
</GenRun>
